Titles,Genre,imdb,Tv-Ratings,runtime,Director,year
Citadel,"Drama, Action & Adventure",N/A,TV-14,41min,Anthony Russo,2023
Black Panther: Wakanda Forever,"Action & Adventure, Science-Fiction, Mystery & Thriller, Fantasy, Drama",6.7,PG-13,2h 42min,Ryan Coogler,2022
Deadpool,"Comedy, Action & Adventure, Science-Fiction",8.0,R,1h 48min,Tim Miller,2016
Guardians of the Galaxy,"Science-Fiction, Action & Adventure, Comedy",8.0,PG-13,2h 1min,James Gunn,2014
Guardians of the Galaxy Vol. 2,"Science-Fiction, Comedy, Action & Adventure",7.6,PG-13,2h 17min,James Gunn,2017
The Greatest Showman,Drama,7.5,PG,1h 45min,Michael Gracey,2017
Deadpool 2,"Action & Adventure, Comedy, Science-Fiction",7.7,R,2h 0min,David Leitch,2018
The Kid Who Would Be King,"Fantasy, Kids & Family, Action & Adventure",6.1,PG,2h 0min,Joe Cornish,2019
Logan,"Drama, Action & Adventure, Science-Fiction, Mystery & Thriller",8.1,R,2h 17min,James Mangold,2017
Hidden Figures,"Drama, History",7.8,PG,2h 2min,Theodore Melfi,2016
Fire of Love,Documentary,7.6,PG,1h 38min,Sara Dosa,2022
Free Guy,"Comedy, Fantasy, Science-Fiction, Action & Adventure",7.1,PG-13,1h 54min,Shawn Levy,2021
Ant-Man and the Wasp,"Science-Fiction, Action & Adventure, Comedy",7.0,PG-13,1h 59min,Peyton Reed,2018
Pinocchio,"Animation, Comedy, Drama, Kids & Family, Fantasy, Romance",5.0,PG,1h 45min,Robert Zemeckis,2022
Miss Peregrine's Home for Peculiar Children,"Drama, Kids & Family, Fantasy, Mystery & Thriller, Made in Europe",6.7,PG-13,2h 7min,Tim Burton,2016
Avengers: Infinity War,"Action & Adventure, Science-Fiction, Fantasy",8.4,PG-13,2h 29min,Anthony Russo,2018
Isle of Dogs,"Comedy, Fantasy, Animation, Drama, Science-Fiction, Made in Europe",7.8,PG-13,1h 41min,Wes Anderson,2018
Coco,"Comedy, Kids & Family, Music & Musical, Animation, Fantasy, Drama, Made in Europe",8.4,PG,1h 49min,Lee Unkrich,2017
Avengers: Endgame,"Science-Fiction, Action & Adventure, Drama, Fantasy",8.4,PG-13,3h 2min,Joe Russo,2019
Werewolf by Night,"Horror, Fantasy, Mystery & Thriller, Action & Adventure, Comedy, Drama",7.8,PG-13,55min,Michael Giacchino,2022
Rogue One: A Star Wars Story,"Action & Adventure, Science-Fiction",7.8,PG-13,2h 13min,Gareth Edwards,2016
Thor: Love and Thunder,"Comedy, Science-Fiction, Music & Musical, Action & Adventure, Fantasy, Romance",6.3,PG-13,1h 59min,Taika Waititi,2022
Oswald the Lucky Rabbit,Animation,N/A,G,2min,Eric Goldberg,2022
Black Panther,"Science-Fiction, Action & Adventure",7.3,PG-13,2h 15min,Ryan Coogler,2018
Doctor Strange in the Multiverse of Madness,"Fantasy, Action & Adventure, Horror, Science-Fiction",6.9,PG-13,2h 6min,Sam Raimi,2022
The Guardians of the Galaxy Holiday Special,"Action & Adventure, Comedy, Science-Fiction, Fantasy",6.9,PG-13,45min,James Gunn,2022
Cruella,"Comedy, Crime, Drama",7.3,PG-13,2h 14min,Craig Gillespie,2021
Inside Out,"Animation, Science-Fiction, Comedy, Drama, Kids & Family, Fantasy",8.1,PG,1h 34min,Pete Docter,2015
Avatar: The Deep Dive - A Special Edition of 20/20,Documentary,6.3,N/A,41min,Dave Hoffman,2022
Obi-Wan Kenobi: A Jedi's Return,Documentary,7.2,N/A,1h 0min,David Gelb,2022
Disenchanted,"Fantasy, Romance, Animation, Comedy, Kids & Family",5.6,PG,2h 0min,Adam Shankman,2022
Zen - Grogu and Dust Bunnies,"Fantasy, Science-Fiction, Animation",N/A,G,3min,Katsuya Kondo,2022
Jim Henson's Turkey Hollow,"Fantasy, Comedy, Kids & Family",5.5,N/A,1h 30min,Kirk R. Thatcher,2015
The New Mutants,"Horror, Science-Fiction, Action & Adventure",5.3,PG-13,1h 34min,Josh Boone,2020
Black Is King,"Music & Musical, Drama, Fantasy",5.8,PG,1h 25min,Dikayl Rimmasch,2020
Spies in Disguise,"Comedy, Kids & Family, Mystery & Thriller, Science-Fiction, Fantasy, Animation, Action & Adventure, Drama, Crime, Music & Musical",6.8,PG,1h 42min,Nick Bruno,2019
Le Pupille,"Comedy, Kids & Family",7.8,PG,38min,Alice Rohrwacher,2022
Hocus Pocus 2,"Fantasy, Comedy, Kids & Family, Horror, Romance",6.0,PG,1h 47min,Anne Fletcher,2022
The BFG,"Fantasy, Kids & Family",6.3,PG,1h 57min,Steven Spielberg,2016
The Wolverine,"Fantasy, Action & Adventure, Science-Fiction",6.7,PG-13,2h 19min,James Mangold,2013
"McFarland, USA","Drama, Sport",7.4,PG,2h 9min,Niki Caro,2015
Tommy,Documentary,N/A,N/A,1h 18min,Gentry Kirby,2017
Turning Red,"Fantasy, Kids & Family, Animation, Comedy",7.0,PG,1h 40min,Domee Shi,2022
Team Thor,Comedy,N/A,PG,3min,Taika Waititi,2016
Secret Society of Second Born Royals,"Comedy, Fantasy, Action & Adventure, Kids & Family",4.9,PG,1h 30min,Anna Mastro,2020
Star Wars Biomes,Science-Fiction,N/A,N/A,18min,N/A,2021
Captain Marvel,"Science-Fiction, Action & Adventure",6.8,PG-13,2h 8min,Anna Boden,2019
Percy Jackson: Sea of Monsters,"Fantasy, Action & Adventure, Kids & Family, Mystery & Thriller",5.7,PG,1h 46min,Thor Freudenthal,2013
Soul,"Comedy, Fantasy, Drama, Animation, Kids & Family, Music & Musical, Science-Fiction",8.0,PG,1h 41min,Pete Docter,2020
Ron's Gone Wrong,"Comedy, Kids & Family, Science-Fiction, Animation",7.0,PG,1h 47min,Jean-Philippe Vine,2021
Remembering,"Fantasy, Drama",5.5,G,9min,Elijah Allan-Blitz,2022
Elton John Live: Farewell from Dodger Stadium,Music & Musical,8.0,PG,2h 55min,Paul Dugdale,2022
Strange World,"Science-Fiction, Animation, Fantasy, Action & Adventure, Comedy, Kids & Family",5.6,PG,1h 42min,Don Hall,2022
The Peanuts Movie,"Comedy, Kids & Family, Animation, Drama",7.0,G,1h 33min,Steve Martino,2015
The Art of Racing in the Rain,"Drama, Comedy, Romance, Sport",7.5,PG,1h 49min,Simon Curtis,2019
The Call of the Wild,"Drama, Action & Adventure, Kids & Family, Western, Animation",6.7,PG,1h 40min,Chris Sanders,2020
Onward,"Comedy, Animation, Fantasy, Drama, Kids & Family",7.4,PG,1h 42min,Dan Scanlon,2020
Encanto at the Hollywood Bowl,"Music & Musical, Kids & Family",7.5,N/A,45min,Chris Howe,2022
Doctor Strange,"Fantasy, Science-Fiction, Action & Adventure",7.5,PG-13,1h 55min,Scott Derrickson,2016
Lightyear,"Science-Fiction, Animation, Action & Adventure, Comedy, Fantasy, Drama, Kids & Family",6.1,PG,1h 45min,Angus MacLane,2022
"The Simpsons: The Good, the Bart, and the Loki",Comedy,N/A,PG,6min,David Silverman,2021
Shang-Chi and the Legend of the Ten Rings,"Action & Adventure, Fantasy, Science-Fiction, Comedy",7.5,PG-13,2h 12min,Destin Daniel Cretton,2021
Marvel One-Shot: Agent Carter,"Fantasy, Action & Adventure, Science-Fiction",N/A,PG-13,15min,Louis D'Esposito,2013
Thor: Ragnarok,"Comedy, Fantasy, Science-Fiction, Action & Adventure",7.9,PG-13,2h 11min,Taika Waititi,2017
Just Love and a Thousand Songs,"Documentary, Music & Musical",8.2,PG,30min,Diego Peskins,2022
Welcome to the Club,Comedy,N/A,N/A,4min,David Silverman,2022
Magic Camp,"Comedy, Fantasy, Kids & Family",6.3,PG,1h 40min,Mark Waters,2020
Sneakerella,"Kids & Family, Comedy",4.8,N/A,1h 52min,Elizabeth Allen Rosenbaum,2022
Frozen,"Animation, Kids & Family, Action & Adventure, Fantasy, Comedy",7.4,PG,1h 42min,Jennifer Lee,2013
Noelle,"Fantasy, Romance, Comedy, Kids & Family",6.3,G,1h 40min,Marc Lawrence,2019
20/20 Presents Black Panther: In Search of Wakanda,Documentary,N/A,N/A,43min,David Hoffman,2022
The Territory,Documentary,7.5,PG,1h 25min,Alex Pritz,2022
Night at the Museum: Kahmunrah Rises Again,"Comedy, Kids & Family, Fantasy, Horror, Mystery & Thriller, Action & Adventure, Animation",5.0,PG,1h 17min,Matt Danner,2022
The Simpsons Meet the Bocellis in Feliz Navidad,"Comedy, Animation, Kids & Family",5.6,PG,4min,David Silverman,2022
The Challenger Disaster: Lost Tapes,"Documentary, History",7.2,N/A,48min,Tom Jennings,2016
Christopher Robin,"Comedy, Animation, Drama, Kids & Family, Fantasy",7.2,PG,1h 44min,Marc Forster,2018
Hocus Pocus 25th Anniversary Halloween Bash,"Music & Musical, Documentary, Kids & Family",6.7,PG,1h 30min,Joe DeMaio,2018
Better Nate Than Ever,"Music & Musical, Comedy, Drama, Kids & Family",6.4,PG,1h 32min,Tim Federle,2022
One Day at Disney,Documentary,7.0,N/A,59min,Fritz Mitchell,2019
The Little Guy,Science-Fiction,N/A,PG,6min,Kirsten Lepore,2022
The Lego Star Wars Holiday Special,"Comedy, Science-Fiction, Animation, Action & Adventure, Kids & Family",6.4,G,45min,Ken Cunningham,2020
Eyewitness: D-Day,Documentary,6.5,N/A,44min,N/A,2019
Happier Than Ever: A Love Letter to Los Angeles,"Music & Musical, Documentary",7.3,PG,1h 5min,David Clair,2021
Groot's Pursuit,Comedy,N/A,PG,6min,Kirsten Lepore,2022
Iron Man 3,"Action & Adventure, Science-Fiction",7.1,PG-13,2h 10min,Shane Black,2013
More Than Robots,"Kids & Family, Documentary",6.0,N/A,1h 29min,Gillian Jacobs,2022
Big Shot,Documentary,N/A,N/A,1h 17min,Kevin Connolly,2013
Hollywood Stargirl,"Comedy, Romance, Drama, Kids & Family",5.8,PG,1h 45min,Julia Hart,2022
Harmonious Live!,"Music & Musical, Kids & Family",7.5,N/A,32min,Alex Rudzinski,2022
Groot Takes a Bath,"Animation, Science-Fiction",N/A,PG,4min,Kirsten Lepore,2022
Flora & Ulysses,"Comedy, Kids & Family",6.2,PG,1h 35min,Lena Khan,2021
Torn,Documentary,7.4,N/A,1h 32min,Max Lowe,2021
Into the Woods,"Fantasy, Comedy, Drama",5.9,PG,2h 4min,Rob Marshall,2014
Cheaper by the Dozen,"Comedy, Kids & Family, Romance",4.5,PG,1h 47min,Gail Lerner,2022
Star Wars: The Force Awakens,"Fantasy, Action & Adventure, Science-Fiction",7.8,PG-13,2h 18min,J.J. Abrams,2015
Captain America: The Winter Soldier,"Science-Fiction, Action & Adventure, Mystery & Thriller",7.8,PG-13,2h 8min,Anthony Russo,2014
Retrograde,"Documentary, History, War & Military",7.4,R,1h 34min,Matthew Heineman,2022
The Rescue,"Mystery & Thriller, Drama, Documentary, Action & Adventure",8.4,PG,1h 47min,Jimmy Chin,2021
Free Solo,"Documentary, Action & Adventure, Sport",8.1,PG-13,1h 40min,Jimmy Chin,2018
Incredibles 2,"Animation, Action & Adventure, Kids & Family, Science-Fiction, Comedy",7.6,PG,1h 58min,Brad Bird,2018
Hamilton,"History, Drama, Music & Musical",8.4,PG-13,2h 40min,Thomas Kail,2020
The Nutcracker and the Four Realms,"Fantasy, Kids & Family",5.6,PG,1h 39min,Lasse Hallström,2018
Jungle Cruise,"Action & Adventure, Fantasy, Comedy, Kids & Family",6.6,PG-13,2h 7min,Jaume Collet-Serra,2021
LEGO Star Wars Summer Vacation,"Animation, Science-Fiction, Fantasy, Action & Adventure, Comedy, Kids & Family",5.6,G,45min,Ken Cunningham,2022
Black Widow,"Action & Adventure, Science-Fiction",6.7,PG-13,2h 14min,Cate Shortland,2021
Eternals,"Science-Fiction, Action & Adventure, Fantasy, Drama",6.3,PG-13,2h 36min,Chloé Zhao,2021
West Side Story,"Drama, Crime, Romance",7.2,PG-13,2h 37min,Steven Spielberg,2021
Brahmāstra Part One: Shiva,"Action & Adventure, Fantasy, Science-Fiction",5.5,PG-13,2h 48min,Ayan Mukerji,2022
Avengers: Age of Ultron,"Science-Fiction, Action & Adventure, Comedy",7.3,PG-13,2h 22min,Jesús Zavala,2015
Live in Front of a Studio Audience: The Facts of Life and Diff'rent Strokes,Comedy,7.8,PG,1h 1min,James Burrows,2021
Magnum Opus,Comedy,N/A,PG,5min,Kirsten Lepore,2022
Encanto,"Animation, Fantasy, Comedy, Kids & Family, Drama",7.2,PG,1h 42min,Byron Howard,2021
Luca,"Comedy, Animation, Kids & Family, Fantasy",7.5,PG,1h 35min,Enrico Casarosa,2021
Diary of a Wimpy Kid,"Animation, Comedy, Kids & Family, Drama, Fantasy",5.1,PG,58min,Swinton O. Scott III,2021
Star Wars: The Rise of Skywalker,"Science-Fiction, Action & Adventure, Drama, Fantasy, Made in Europe",6.5,PG-13,2h 22min,J.J. Abrams,2019
Maggie Simpson in The Force Awakens from Its Nap,"Science-Fiction, Kids & Family, Animation, Comedy",6.2,PG,3min,David Silverman,2021
Sea of Shadows,"Documentary, Crime, History, Made in Europe",7.3,PG-13,1h 46min,Richard Ladkani,2019
The Finest Hours,"Drama, Mystery & Thriller, Action & Adventure, History",6.7,PG-13,1h 57min,Craig Gillespie,2016
A Fan's Guide to Ms. Marvel,Documentary,N/A,PG,5min,N/A,2022
Marvel Studios' 2021 Disney+ Day Special,Documentary,N/A,PG,14min,N/A,2021
Ferdinand,"Animation, Kids & Family, Action & Adventure, Comedy, Drama, Fantasy",6.7,PG,1h 46min,Carlos Saldanha,2017
The Lion King,"Drama, Kids & Family, Comedy, Animation",6.8,PG,1h 58min,Jon Favreau,2019
Ciao Alberto,"Kids & Family, Fantasy, Animation, Comedy",N/A,PG,7min,McKenna Jean Harris,2021
Brian and the Boz,Documentary,N/A,N/A,1h 17min,Thaddeus D. Matula,2014
Toy Story of Terror!,"Action & Adventure, Animation, Comedy, Kids & Family, Horror, Fantasy",7.5,G,22min,Angus MacLane,2013
Big Hero 6,"Comedy, Kids & Family, Science-Fiction, Drama, Animation, Action & Adventure",7.8,PG,1h 42min,Don Hall,2014
Toy Story That Time Forgot,"Animation, Comedy, Kids & Family, Fantasy",7.1,G,22min,Steve Purcell,2014
Rise,"Drama, Sport",7.0,PG,1h 53min,Akin Omotoso,2022
Thor: The Dark World,"Action & Adventure, Fantasy, Science-Fiction",6.8,PG-13,1h 52min,Alan Taylor,2013
Star Wars: Galaxy's Edge - Adventure Awaits,Documentary,5.7,N/A,1h 21min,Christian Lamb,2019
Moana,"Comedy, Kids & Family, Fantasy, Animation",7.6,PG,1h 43min,Ron Clements,2016
Fantastic Lies,"History, Documentary",N/A,N/A,1h 43min,Marina Zenovich,2016
Muppets Haunted Mansion,"Comedy, Kids & Family, Fantasy",6.3,PG,52min,Kirk R. Thatcher,2021
Pirates of the Caribbean: Dead Men Tell No Tales,"Action & Adventure, Fantasy",6.5,PG-13,2h 15min,Espen Sandberg,2017
A Wrinkle in Time,"Fantasy, Science-Fiction, Kids & Family",4.2,PG,1h 49min,Ava DuVernay,2018
Clouds,"Drama, Music & Musical",7.5,PG-13,2h 1min,Justin Baldoni,2020
Marvel Studios Assembled: The Making of Moon Knight,Documentary,N/A,PG-13,1h 7min,Brad Baruh,2022
Four Falls of Buffalo,Documentary,N/A,N/A,1h 42min,Ken Rodgers,2015
Descendants,"Kids & Family, Music & Musical, Action & Adventure, Comedy, Fantasy",6.3,G,1h 52min,Kenny Ortega,2015
"Summer of Soul (...Or, When the Revolution Could Not Be Televised)","Documentary, Music & Musical, History",8.0,PG-13,1h 57min,Questlove,2021
22 vs. Earth,"Fantasy, Animation",N/A,G,9min,Kevin Nolting,2021
The Simpsons: When Billie Met Lisa,Animation,N/A,G,4min,David Silverman,2022
Trevor: The Musical,Drama,5.8,N/A,1h 53min,Robin Mishkin Abrams,2022
Captain America: Civil War,"Science-Fiction, Action & Adventure",7.8,PG-13,2h 26min,Anthony Russo,2016
Godmothered,"Comedy, Drama, Kids & Family, Fantasy",6.1,PG,1h 50min,Sharon Maguire,2020
Pentatonix: Around the World for the Holidays,"Documentary, Music & Musical, Kids & Family, Reality TV",5.0,N/A,49min,Sam Wrench,2022
Stuntman,Documentary,6.6,PG-13,1h 27min,Kurt Mattila,2018
Timmy Failure: Mistakes Were Made,"Kids & Family, Mystery & Thriller, Comedy, Fantasy, Drama",6.0,PG,1h 39min,Tom McCarthy,2020
The Flagmakers,Documentary,7.5,N/A,35min,Sharon Liese,2022
Descendants 3,"Music & Musical, Action & Adventure, Fantasy, Kids & Family, Drama, Mystery & Thriller, Reality TV",6.4,PG,1h 46min,Kenny Ortega,2019
Mickey: The Story of a Mouse,Documentary,6.9,PG,1h 29min,Jeff Malmberg,2022
"Alexander and the Terrible, Horrible, No Good, Very Bad Day","Comedy, Drama, Kids & Family, Fantasy, Made in Europe",6.2,PG,1h 15min,Miguel Arteta,2014
Marvel Studios Assembled: The Making of Ms. Marvel,Documentary,N/A,PG-13,1h 2min,Brad Baruh,2022
X-Men: Days of Future Past,"Action & Adventure, Science-Fiction, Fantasy, Mystery & Thriller",7.9,PG-13,2h 12min,Bryan Singer,2014
Night at the Museum: Secret of the Tomb,"Fantasy, Comedy, Kids & Family",6.2,PG,1h 37min,Shawn Levy,2014
Area 51: The CIA's Secret,Documentary,5.8,N/A,52min,Paul Nelson,2014
Howard,"Documentary, Music & Musical",7.5,N/A,1h 33min,Don Hahn,2018
Akashinga: The Brave Ones,Documentary,8.2,N/A,13min,Maria Wilhelm,2020
Star Wars: The Last Jedi,"Science-Fiction, Action & Adventure, Fantasy",6.9,PG-13,2h 32min,Rian Johnson,2017
OLIVIA RODRIGO: driving home 2 u (a SOUR film),"Documentary, Music & Musical",7.1,PG-13,1h 16min,Stacey Lee,2022
Marvel Studios Assembled: The Making of She-Hulk: Attorney at Law,Documentary,N/A,PG-13,54min,Brad Baruh,2022
Lamp Life,Comedy,N/A,G,7min,Valerie LaPointe,2020
LEGO Star Wars Terrifying Tales,"Comedy, Horror, Fantasy, Animation, Kids & Family, Science-Fiction, Action & Adventure",6.1,G,45min,Ken Cunningham,2021
Surviving the Mount St. Helens Disaster,"Documentary, History",7.3,N/A,45min,Sophie Elwin-Harris,2020
Kim Possible,"Comedy, Action & Adventure",3.7,PG,1h 26min,Adam B. Stein,2019
Gender Revolution: A Journey with Katie Couric,Documentary,5.8,PG,1h 30min,Katie Couric,2017
Team Thor: Part 2,"Science-Fiction, Comedy, Fantasy",N/A,PG,5min,Taika Waititi,2017
Home Sweet Home Alone,"Action & Adventure, Comedy, Crime, Kids & Family, Drama",3.6,PG,1h 33min,Dan Mazer,2021
Best in Snow,"Kids & Family, Reality TV",4.5,PG,1h 37min,Sam Wrench,2022
Chip 'n Dale: Rescue Rangers,"Comedy, Fantasy, Science-Fiction, Action & Adventure, Crime, Kids & Family, Animation",7.0,PG,1h 39min,Akiva Schaffer,2022
Jane,Documentary,7.8,PG,1h 45min,N/A,2017
Sharkatraz,Documentary,5.3,PG-13,42min,Victor Murillo,2016
Apollo: Missions to the Moon,"Documentary, History",7.5,N/A,1h 34min,Tom Jennings,2019
Something's Coming: West Side Story,,N/A,PG,42min,N/A,2021
Fantastic Four,"Action & Adventure, Science-Fiction, Drama",4.3,PG-13,1h 40min,Simon Kinberg,2015
Long Gone Summer,Documentary,N/A,N/A,2h 0min,AJ Schnack,2020
Mickey Saves Christmas,"Comedy, Kids & Family, Fantasy, Animation",6.0,N/A,23min,N/A,2022
The Day The Series Stopped,,N/A,N/A,51min,Ryan Fleck,2014
The Deepest Cave,Documentary,6.8,N/A,50min,Pablo Durana,2022
Groot's First Steps,Comedy,N/A,PG,6min,Kirsten Lepore,2022
The Simpsons in Plusaversary,"Animation, Fantasy",5.0,G,5min,David Silverman,2021
Beauty and the Beast,"Fantasy, Kids & Family, Romance",7.1,PG,2h 3min,Bill Condon,2017
Water & Power: A California Heist,Documentary,7.3,PG,1h 27min,Marina Zenovich,2017
Beyond Infinity: Buzz and the Journey to Lightyear,Documentary,N/A,PG,35min,Tony Kaplan,2022
Monkey Kingdom,Documentary,7.2,G,1h 21min,Mark Linfield,2015
Raya and the Last Dragon,"Action & Adventure, Animation, Kids & Family, Fantasy, Comedy, Drama",7.3,PG,1h 47min,Don Hall,2021
We Feed People,Documentary,7.3,N/A,1h 29min,Ron Howard,2022
The Book of Manning,"Documentary, Sport",8.0,N/A,2h 0min,Rory Karpf,2013
Marvel Studios Assembled: The Making of Thor: Love and Thunder,Documentary,N/A,PG-13,55min,Brad Baruh,2022
Under the Helmet: The Legacy of Boba Fett,Documentary,7.2,PG,21min,Bradford Burah,2021
Team Darryl,Comedy,N/A,PG,6min,Taika Waititi,2018
Artemis Fowl,"Fantasy, Science-Fiction, Action & Adventure, Kids & Family",4.2,PG,1h 34min,Kenneth Branagh,2020
The Gospel According to Mac,Documentary,N/A,N/A,1h 41min,Jim Podhoretz,2015
The One and Only Ivan,"Drama, Animation, Comedy, Kids & Family, Fantasy",6.5,PG,1h 33min,Thea Sharrock,2020
Black Beauty,"Drama, Kids & Family",6.4,PG,1h 50min,Ashley Avis,2020
Explorer: The Last Tepui,Documentary,6.9,N/A,1h 0min,Renan Ozturk,2022
From the Ashes,"Documentary, Sport, History, Action & Adventure, Science-Fiction",6.9,PG,1h 22min,Michael Bonfiglio,2017
Aladdin,"Action & Adventure, Fantasy, Romance, Kids & Family, Comedy, Drama",6.9,PG,2h 7min,Guy Ritchie,2019
Solo: A Star Wars Story,"Science-Fiction, Action & Adventure, Fantasy",6.9,PG-13,2h 15min,Ron Howard,2018
Burrow,Comedy,N/A,G,6min,Madeline Sharafian,2020
Frozen Fever,"Animation, Kids & Family, Action & Adventure, Comedy",N/A,G,8min,Chris Buck,2015
Disney's Broadway Hits at London's Royal Albert Hall,Music & Musical,7.6,N/A,1h 55min,Jay Hatcher,2016
Toy Story 4,"Comedy, Documentary, Kids & Family, Fantasy, Animation",7.7,G,1h 29min,Josh Cooley,2019
Upside-Down Magic,,N/A,G,1h 36min,Joe Nussbaum,2020
Director by Night,Documentary,7.0,PG-13,54min,Anthony Giacchino,2022
Marvel Studios: Expanding the Universe,Documentary,N/A,PG,12min,N/A,2019
Ice Age: Collision Course,"Kids & Family, Comedy, Science-Fiction, Action & Adventure, Animation, Drama, Fantasy, Romance",5.6,PG,1h 35min,Mike Thurmeier,2016
Zootopia,"Animation, Crime, Action & Adventure, Comedy, Kids & Family",8.0,PG,1h 49min,Byron Howard,2016
Step Into… The Movies with Derek and Julianne Hough,Music & Musical,N/A,N/A,42min,Nick Florez,2022
Mulan,"Drama, Fantasy, Kids & Family, Action & Adventure",5.7,PG-13,1h 55min,Niki Caro,2020
Captain Sparky vs. The Flying Saucers,Animation,N/A,PG,3min,N/A,2013
X-Men: Apocalypse,"Science-Fiction, Fantasy, Action & Adventure",6.9,PG-13,2h 24min,Bryan Singer,2016
Once Upon a Snowman,"Comedy, Kids & Family, Animation",N/A,G,12min,Dan Abraham,2020
Dark Phoenix,"Action & Adventure, Fantasy, Science-Fiction",5.7,PG-13,1h 54min,Simon Kinberg,2019
Folklore: The Long Pond Studio Sessions,"Music & Musical, Documentary, Drama",8.4,PG,1h 46min,Taylor Swift,2020
Clotilda: Last American Slave Ship,Documentary,N/A,PG-13,42min,Lisa Feit,2022
Far from the Tree,"Animation, Kids & Family",N/A,G,7min,Natalie Nourigat,2021
The Ice Age Adventures of Buck Wild,"Animation, Fantasy, Drama, Action & Adventure, Comedy, Kids & Family",4.3,PG,1h 22min,John C. Donkin,2022
Miraculous World: Shanghai – The Legend of Ladydragon,Fantasy,N/A,N/A,54min,Thomas Astruc,2021
Marvel Studios Assembled: The Making of Eternals,Documentary,7.9,PG,58min,N/A,2022
Togo,"Action & Adventure, Kids & Family, Made in Europe, History, Drama",7.9,PG,1h 53min,Ericson Core,2019
Stargirl,"Comedy, Drama, Romance, Fantasy, Kids & Family",6.2,PG,1h 43min,Julia Hart,2020
Tinker Bell and the Legend of the NeverBeast,"Animation, Action & Adventure, Fantasy, Kids & Family",N/A,G,1h 17min,Steve Loter,2014
Playing with Sharks,Documentary,7.5,PG-13,1h 35min,Sally Aitken,2021
Hamilton: History Has Its Eyes On You,Documentary,6.4,PG,46min,Thomas Kail,2020
Shook,"Kids & Family, Comedy",7.9,G,53min,N/A,2020
Becoming Cousteau,Documentary,7.1,PG-13,1h 34min,Liz Garbus,2021
Phineas and Ferb: Star Wars,"Animation, Science-Fiction, Kids & Family, Action & Adventure",N/A,G,51min,Sue Perrotto,2014
Marvel Studios Assembled: The Making of Hawkeye,Documentary,8.8,PG-13,59min,Brad Baruh,2022
Pixar 2021 Disney+ Day Special,Documentary,N/A,G,4min,Pete Docter,2021
Expedition Everest,Documentary,6.5,PG,42min,Katie Bauer Murdock,2020
Disney Channel Halloween House Party,"Comedy, Kids & Family",6.1,N/A,23min,Trevor Moore,2020
Mary Poppins Returns,"Fantasy, Comedy, Kids & Family, Animation",6.7,PG,2h 8min,Rob Marshall,2018
Queen of Katwe,"Drama, Sport",7.4,PG,2h 4min,Mira Nair,2016
Twenty Something,"Comedy, Drama, Animation",N/A,PG,7min,Aphton Corbin,2021
Penguins,"Documentary, Kids & Family",7.1,G,1h 16min,Jeff Wilson,2019
Planes,"Comedy, Kids & Family, Sport, Animation",5.7,PG,1h 31min,Klay Hall,2013
Forky Asks A Question: What Is Time?,"Animation, Comedy, Kids & Family",N/A,G,3min,Bob Peterson,2019
Diary of a Wimpy Kid: The Long Haul,"Comedy, Kids & Family, Animation",4.3,PG,1h 30min,David Bowers,2017
Victoria Gotti: My Father's Daughter,"Drama, Crime",5.5,PG,1h 26min,Catherine Cyran,2019
Z-O-M-B-I-E-S 2,"Romance, Comedy, Kids & Family, Fantasy",5.7,N/A,1h 24min,Paul Hoen,2020
Muppets Most Wanted,"Kids & Family, Comedy, Action & Adventure, Crime",6.4,PG,1h 47min,James Bobin,2014
Under Wraps,"Fantasy, Romance, Comedy, Kids & Family",4.8,PG,1h 31min,Alex Zamm,2021
Freaky Friday,"Fantasy, Comedy, Kids & Family",3.8,G,1h 30min,Steve Carr,2018
Soul of a Nation Presents: X / o n e r a t e d – The Murder of Malcolm X and 55 Years to Justice,Documentary,N/A,N/A,42min,Tine Condon,2022
Descendants 2,"Fantasy, Action & Adventure, Kids & Family, Romance",7.5,G,1h 51min,Kenny Ortega,2017
Finding Dory,"Comedy, Drama, Animation, Kids & Family",7.3,PG,1h 37min,Andrew Stanton,2016
Idina Menzel: Which Way to the Stage?,"Music & Musical, Documentary",7.1,PG-13,1h 34min,Anne McCabe,2022
Wolfgang,Documentary,6.9,N/A,1h 18min,David Gelb,2021
Phineas and Ferb: The Movie: Candace Against the Universe,"Science-Fiction, Animation, Kids & Family, Fantasy, Action & Adventure, Mystery & Thriller, Comedy",7.1,G,1h 24min,Bob Bowen,2020
Youngstown Boys,Documentary,7.3,N/A,1h 43min,Jeff Zimbalist,2013
Kitbull,Drama,N/A,PG,9min,Rosana Sullivan,2019
Marvel Studios ASSEMBLED: The Making of WandaVision,Documentary,8.5,PG-13,57min,Brad Baruh,2021
Survive and Advance,Documentary,N/A,N/A,1h 30min,Jonathan Hock,2013
Christmas ...Again?!,Comedy,N/A,G,1h 34min,Andy Fickman,2021
Saving Mr. Banks,"Drama, Comedy, Music & Musical",7.5,PG-13,2h 6min,John Lee Hancock,2013
Miraculous World : New York – United HeroeZ,"Animation, Fantasy, Action & Adventure",N/A,PG,52min,Thomas Astruc,2020
Back to the Titanic,Documentary,6.2,PG,45min,Tom Stubberfield,2020
700 Sharks,Documentary,6.8,N/A,1h 32min,Luc Marescot,2018
How to Build a Better Boy,"Science-Fiction, Kids & Family, Comedy",5.3,G,1h 30min,Paul Hoen,2014
Maleficent: Mistress of Evil,"Action & Adventure, Fantasy, Kids & Family",6.6,PG,1h 59min,Joachim Rønning,2019
The Jungle Book,"Drama, Fantasy, Animation, Kids & Family, Comedy, Action & Adventure",7.4,PG,1h 46min,Jon Favreau,2016
Piper,"Kids & Family, Animation",N/A,G,6min,Alan Barillaro,2016
Safety,"Kids & Family, Drama, History, Sport",6.8,PG,2h 2min,Reginald Hudlin,2020
Shark Beach With Chris Hemsworth,Documentary,6.6,PG-13,44min,Sally Aitken,2021
Nona,Animation,N/A,N/A,7min,Zazie Ray-Trapido,2021
The Biggest Little Farm: The Return,Documentary,7.2,N/A,30min,John Chester,2022
The Magic Maker,Documentary,4.9,PG,43min,Adam Trent,2021
Alvin and the Chipmunks: The Road Chip,"Comedy, Animation, Kids & Family, Fantasy, Music & Musical",4.9,PG,1h 26min,Walt Becker,2015
Bao,Animation,N/A,G,8min,Domee Shi,2018
Mars: One Day on the Red Planet,Documentary,7.0,N/A,1h 28min,Martin Johnson,2020
Ralph Breaks the Internet,"Comedy, Drama, Science-Fiction, Animation, Kids & Family, Fantasy",7.0,PG,1h 52min,Rich Moore,2018
Dumbo,"Fantasy, Kids & Family",6.3,PG,2h 10min,Tim Burton,2019
Lou,Fantasy,N/A,G,6min,Dave Mullins,2017
Loop,Animation,N/A,PG,10min,Erica Milsom,2020
Jingle All the Way 2,Comedy,N/A,PG,1h 33min,Alex Zamm,2014
Olaf's Frozen Adventure,"Fantasy, Animation, Kids & Family, Action & Adventure, Comedy",N/A,G,22min,Kevin Deters,2017
Lady and the Tramp,"Romance, Comedy, Kids & Family, Drama, Animation",6.2,PG,1h 51min,Charlie Bean,2019
Tini: The New Life of Violetta,"Drama, Music & Musical, Comedy, Kids & Family, Made in Europe",5.3,G,1h 35min,Juan Pablo Buscarini,2016
Marvel One-Shot: All Hail the King,"Mystery & Thriller, Action & Adventure, Fantasy",N/A,PG-13,14min,Drew Pearce,2014
Marvel Rising: Heart of Iron,"Animation, Science-Fiction, Action & Adventure",4.7,N/A,44min,Sol Choi,2019
Marvel Rising: Playing with Fire,"Animation, Action & Adventure, Kids & Family, Science-Fiction",5.2,N/A,44min,Sol Choi,2019
Monsters University,"Animation, Kids & Family, Comedy, Fantasy, Horror",7.2,G,1h 44min,Dan Scanlon,2013
Polar Bear,Documentary,6.9,PG,1h 24min,Jeff Wilson,2022
Marvel's Behind the Mask,Documentary,6.4,PG-13,1h 4min,Mike Jacobs,2021
Expedition Amelia,"Documentary, History",7.2,N/A,1h 35min,Chad Cohen,2019
The Good Dinosaur,"Animation, Comedy, Drama, Kids & Family, Fantasy",6.7,PG,1h 33min,Peter Sohn,2015
Dory's Reef Cam,"Animation, Comedy, Kids & Family",3.6,G,3h 2min,Michal Makarewicz,2020
Mickey and Minnie Wish Upon a Christmas,"Animation, Comedy, Kids & Family",5.6,G,47min,Broni Likomanov,2021
Iron Man & Hulk: Heroes United,"Action & Adventure, Animation",N/A,PG,1h 11min,Eric Radomski,2013
In the Footsteps of Elephant,"Documentary, Kids & Family",7.2,G,1h 28min,Vanessa Berlowitz,2020
Cars 3,"Comedy, Sport, Fantasy, Drama, Animation, Kids & Family",6.7,G,1h 42min,Brian Fee,2017
Frozen II,"Fantasy, Kids & Family, Animation, Action & Adventure, Comedy, Drama",6.8,PG,1h 43min,Chris Buck,2019
King Shakir Recycle,"Comedy, Animation, Kids & Family",5.6,N/A,1h 32min,Haluk Can Dizdaroglu,2022
Riley's First Date?,"Kids & Family, Animation",N/A,G,5min,Josh Cooley,2015
Bears,"Documentary, Kids & Family",7.3,G,1h 20min,Alastair Fothergill,2014
Elephant,"Kids & Family, Documentary",7.2,G,1h 26min,Mark Linfield,2020
Science Fair,"Documentary, Action & Adventure, Drama, Fantasy, Science-Fiction",7.6,PG,1h 31min,Cristina Costantini,2018
A Very Boy Band Holiday,Music & Musical,6.5,N/A,42min,Ashley S Gorman,2021
42 to 1,Documentary,N/A,N/A,51min,Ben Houser,2018
Alice Through the Looking Glass,"Fantasy, Made in Europe",N/A,PG,1h 53min,James Bobin,2016
Z-O-M-B-I-E-S 3,"Comedy, Romance, Kids & Family",5.4,G,1h 28min,Paul Hoen,2022
Born in China,Documentary,7.2,G,1h 19min,Lu Chuan,2016
Feast,"Animation, Comedy, Drama, Kids & Family, Horror",8.1,G,6min,Patrick Osborne,2014
Lost on Everest,Documentary,6.6,PG-13,1h 0min,Renan Ozturk,2020
Pete's Dragon,"Fantasy, Action & Adventure, Kids & Family, Comedy, Drama",6.7,PG,1h 42min,David Lowery,2016
Teen Beach Movie,"Comedy, Fantasy, Kids & Family",5.9,PG,1h 50min,Jeffrey Hornaday,2013
Invisible Sister,"Fantasy, Comedy, Kids & Family",5.9,G,1h 17min,Paul Hoen,2015
Maggie Simpson in Playdate with Destiny,"Romance, Animation, Comedy, Kids & Family",N/A,G,4min,David Silverman,2020
Lava,Animation,N/A,G,7min,James Ford Murphy,2014
Planes: Fire & Rescue,"Animation, Documentary, Sport, Fantasy, Comedy, Kids & Family, Drama",6.0,PG,1h 23min,Roberts Gannaway,2014
Z-O-M-B-I-E-S,"Comedy, Romance, Kids & Family, Fantasy",6.0,G,1h 34min,Paul Hoen,2018
Zapped,"Comedy, Fantasy, Kids & Family",5.0,N/A,1h 32min,Peter DeLuise,2014
Before the Flood,Documentary,8.2,PG,1h 33min,Fisher Stevens,2016
Wind,Animation,N/A,G,8min,Edwin Chang,2019
Own the Room,Documentary,6.7,PG,1h 31min,Cristina Costantini,2021
Believeland,Documentary,N/A,N/A,1h 18min,Andrew Billman,2016
Diary of a Wimpy Kid: Rodrick Rules,"Comedy, Animation, Drama, Kids & Family",5.1,PG,1h 14min,Luke Cormican,2022
Ant-Man,"Science-Fiction, Action & Adventure, Crime, Comedy",7.3,PG-13,1h 57min,Peyton Reed,2015
The Hip Hop Nutcracker,"Music & Musical, Comedy, Kids & Family",5.4,N/A,44min,Nikki Parsons,2022
Under Wraps 2,"Comedy, Kids & Family, Fantasy",4.6,G,1h 23min,Alex Zamm,2022
American Blackout,Drama,6.4,N/A,1h 32min,N/A,2013
Descendants: The Royal Wedding,Animation,N/A,G,22min,Salvador Simó,2021
Tinker Bell and the Pirate Fairy,Animation,N/A,G,1h 17min,Peggy Holmes,2014
BTS: Permission to Dance on Stage - LA,"Music & Musical, Documentary",8.6,N/A,2h 10min,Park Jun-soo,2022
Dolphin Reef,"Documentary, Kids & Family",6.7,G,1h 17min,Keith Scholey,2019
Tangled: Before Ever After,"Comedy, Kids & Family, Fantasy, Animation, Action & Adventure",6.6,G,1h 30min,Stephen Sandoval,2017
The Wonderful Summer of Mickey Mouse,"Animation, Comedy",N/A,G,24min,Karl Hadrika,2022
Ice Age: The Great Egg-Scapade,"Comedy, Kids & Family, Animation",5.9,PG,25min,Ricardo Curtis,2016
Mickey's Tale of Two Witches,"Animation, Action & Adventure, Comedy, Kids & Family, Fantasy",6.2,G,46min,Jeff Gordon,2021
Strange Magic,"Fantasy, Animation, Romance, Comedy, Kids & Family",5.7,PG,1h 39min,Gary Rydstrom,2015
Frozen Sing-Along Edition,"Animation, Music & Musical",N/A,PG,1h 42min,N/A,2014
The Wonderful Winter of Mickey Mouse,Animation,N/A,G,25min,Ryan Gillis,2022
Russia's Wild Tiger,"Documentary, Kids & Family",N/A,PG,44min,Franz Hafner,2022
Marvel Rising: Secret Warriors,"Science-Fiction, Action & Adventure, Kids & Family, Animation, Comedy, Fantasy",5.4,N/A,1h 20min,Alfred Gimeno,2018
Adventures in Babysitting,"Comedy, Kids & Family",5.9,G,1h 45min,John Schultz,2016
The Little Prince(ss),Drama,N/A,N/A,19min,Moxie Peng,2021
Iron Man & Captain America: Heroes United,"Action & Adventure, Animation, Comedy, Drama, Kids & Family",5.0,PG,1h 11min,Leo Riley,2014
Encanto Sing-Along,"Fantasy, Animation",7.3,PG,1h 42min,Byron Howard,2022
Under the Sea: A Descendants Story,Fantasy,5.2,N/A,10min,Hasraf Dulull,2018
Marvel Studios: Assembling a Universe,"Documentary, History",7.3,PG,43min,N/A,2014
Auntie Edna,Comedy,N/A,N/A,5min,Ted Mathot,2018
Cloud 9,"Action & Adventure, Drama, Kids & Family, Sport",6.4,G,1h 30min,Paul Hoen,2014
Teen Beach 2,"Comedy, Drama, Kids & Family, Fantasy",5.9,G,1h 44min,Jeffrey Hornaday,2015
Phineas and Ferb: Mission Marvel,Animation,N/A,G,45min,Sue Perrotto,2013
Party Central,Comedy,N/A,PG,5min,Kelsey Mann,2014
Super Buddies,Comedy,N/A,G,2h 10min,Robert Vince,2013
The Swap,"Comedy, Fantasy, Kids & Family",6.0,PG,1h 29min,Jay Karas,2016
The Little Mermaid Live!,"Romance, Animation, Comedy, Kids & Family, Fantasy, Music & Musical",5.6,N/A,1h 23min,Hamish Hamilton,2019
Inner Workings,Animation,N/A,G,6min,Leo Matsuda,2016
The Wonderful Spring of Mickey Mouse,"Animation, Comedy, Action & Adventure",N/A,G,22min,Karl Hadrika,2022
The Wizards Return: Alex vs. Alex,"Comedy, Kids & Family, Fantasy, Romance, Animation, Action & Adventure, Drama",6.3,PG,1h 0min,Victor Gonzalez,2013
Marvel Super Hero Adventures: Frost Fight!,"Animation, Fantasy",N/A,PG,1h 13min,Mitch Schauer,2015
Bad Hair Day,"Comedy, Kids & Family",5.8,N/A,1h 31min,Erik Canuel,2015
Newsies,"Drama, Music & Musical",8.3,PG,2h 30min,Brett Sullivan,2017
Sanjay's Super Team,"Animation, Fantasy, Action & Adventure",N/A,PG,7min,Sanjay Patel,2015
Purl,Comedy,N/A,PG,9min,Kristen Lester,2019
Marvel Rising: Chasing Ghosts,"Action & Adventure, Animation, Kids & Family",5.2,N/A,22min,Alfred Gimeno,2019
The Radiator Springs 500½,Comedy,N/A,N/A,6min,Rob Gibbs,2014
Spin,"Comedy, Kids & Family, Music & Musical, Romance",6.1,G,1h 33min,Manjari Makijany,2021
Us Again,Drama,N/A,G,7min,Zach Parrish,2021
Hulk: Where Monsters Dwell,"Fantasy, Science-Fiction, Action & Adventure, Animation",N/A,PG,1h 15min,Mitch Schauer,2016
Titanic: 20 Years Later with James Cameron,Documentary,7.0,PG,47min,Thomas C. Grane,2017
Get a Horse!,Animation,N/A,G,6min,Lauren MacMullan,2013
Marvel Rising: Operation Shuri,"Science-Fiction, Animation, Action & Adventure",5.0,N/A,22min,Chris Rutkowski,2019
The Blue Umbrella,Animation,N/A,G,7min,Saschka Unseld,2013
Float,"Kids & Family, Animation, Drama",N/A,PG,7min,N/A,2019
Marvel Rising: Battle of the Bands,"Comedy, Animation, Action & Adventure, Kids & Family",5.3,N/A,22min,Chris Rutkowski,2019
Diving with Dolphins,Documentary,7.0,G,1h 19min,Keith Scholey,2020
"Marvel: 75 Years, From Pulp to Pop!","Documentary, History",7.0,PG,41min,Zak Knutson,2014
Smash and Grab,"Animation, Science-Fiction",N/A,PG,7min,Brian Larsen,2019
Out,"Animation, Comedy, Drama, Horror",N/A,PG,9min,Zac Goold,2020
Disney Princess Remixed: An Ultimate Princess Celebration,"Music & Musical, Documentary, Fantasy",4.9,N/A,22min,Napoleon Dumo,2021
The Real Black Panther,Documentary,N/A,N/A,44min,John Cullum,2020
Embrace the Panda: Making Turning Red,Documentary,N/A,G,48min,Erica Milsom,2022
Forky Asks a Question: What Is Cheese?,Comedy,N/A,N/A,3min,Bob Peterson,2020
Atlantis Rising,"Mystery & Thriller, Documentary",6.4,N/A,1h 33min,Simcha Jacobovici,2017
High School Musical: The Musical: The Holiday Special,"Music & Musical, Documentary, Drama, Comedy",5.7,N/A,45min,Tim Federle,2020
Hiccups,Comedy,N/A,N/A,3min,Jeremy Lasky,2013
Forky Asks a Question: What Is Art?,Animation,N/A,N/A,4min,Bob Peterson,2019
Toni Braxton: Unbreak My Heart,"Drama, Music & Musical",6.1,PG,1h 25min,Vondie Curtis-Hall,2016
D. Wade: Life Unexpected,"Documentary, Sport",7.2,PG-13,1h 36min,Bob Metelus,2020
Into the Okavango,Documentary,7.6,PG,1h 34min,Neil Gelinas,2018
Forky Asks A Question: What Is A Pet?,"Animation, Comedy",N/A,G,4min,Bob Peterson,2019
Into the Grand Canyon,Documentary,7.2,PG,1h 24min,Peter McBride,2019
Spinning,Animation,N/A,N/A,2min,Jeremy Lasky,2013
Let's Be Tigers,Drama,N/A,PG,15min,Stefanie Abel Horowitz,2021
Drain The Ocean: WWII,"Documentary, History",6.9,PG,45min,N/A,2016
Pompeii: Secrets of the Dead,"Documentary, History",6.6,PG,53min,N/A,2019
MARS: Inside SpaceX,Documentary,7.3,PG,46min,Julia Reagan,2018
House of Darkness,"Horror, Mystery & Thriller",4.3,N/A,1h 26min,Patrick DeLuca,2016
Miracle Landing on the Hudson,"Documentary, Drama",6.4,N/A,1h 30min,George Simon,2014
Bad Boys,Documentary,N/A,N/A,1h 42min,Zak Levitt,2014
Paris to Pittsburgh,Documentary,6.4,N/A,1h 17min,Michael Bonfiglio,2018
The Most Magical Story on Earth: 50 Years of Walt Disney World,"Documentary, Music & Musical",7.4,PG,1h 24min,Dave Hoffman,2021
A Celebration of the Music from Coco,"Music & Musical, Documentary",7.0,N/A,47min,Ron de Moraes,2020
Jaws vs. Boats,Documentary,N/A,PG,44min,Kevin Bachar,2022
The Last of the Chupacabras,Fantasy,N/A,N/A,14min,Jessica Mendez Siqueiros,2021
Bear Witness,Documentary,6.9,G,1h 23min,Alastair Fothergill,2022
Jane Goodall: The Hope,"Documentary, Action & Adventure",7.9,N/A,1h 28min,Kim Woodard,2020
Forky Asks a Question: What Is Love?,Animation,N/A,N/A,4min,Bob Peterson,2019
Mega Hammerhead,Documentary,6.5,N/A,1h 0min,Brandon Hill,2016
The Real Right Stuff,"History, Documentary",7.2,PG,1h 30min,Tom Jennings,2020
Forky Asks A Question: What Is Money?,"Animation, Comedy",N/A,N/A,3min,Bob Peterson,2019
Feliz NaviDAD,Romance,N/A,N/A,1h 20min,Melissa Joan Hart,2020
High School Musical: The Musical: The Series: The Special,"Documentary, Music & Musical, Drama, Comedy",7.1,N/A,23min,Clayton Cogswell,2019
Decorating Disney: Holiday Magic,"Documentary, Music & Musical, Reality TV",6.8,PG,58min,N/A,2017
A Spark Story,"Documentary, Animation",6.5,N/A,1h 27min,Leanne Dare,2021
The Flood,Documentary,7.6,PG,1h 28min,N/A,2018
Nature Boy,Documentary,N/A,N/A,1h 17min,Rory Karpf,2017
Fauci,"History, Documentary",6.5,PG-13,1h 44min,Janet Tobias,2021
The Christmas Consultant,Comedy,5.1,N/A,1h 28min,John Bradshaw,2013
LEGO Star Wars: The New Yoda Chronicles - Clash of the Skywalkers,Fantasy,N/A,N/A,22min,Michael Hegner,2014
Mission Pluto,Documentary,N/A,N/A,43min,Nic Young,2015
Adventure Thru the Walt Disney Archives,Documentary,7.2,PG,1h 0min,John Gleim,2020
Forky Asks a Question: What Is a Leader?,Animation,N/A,N/A,3min,Bob Peterson,2019
The Two Bills,Documentary,N/A,N/A,1h 18min,Ken Rodgers,2018
Mission to the Sun,Documentary,6.7,PG,44min,Daniel M. Smith,2018
The Santa Con,"Drama, Comedy, Kids & Family, Romance",6.0,N/A,1h 26min,Melissa Joan Hart,2014
The New Air Force One: Flying Fortress,Documentary,5.2,G,50min,Scott Bateman,2021
Saving Giraffes: The Long Journey Home,Documentary,N/A,N/A,42min,N/A,2022
The Lost Tomb of Alexander the Great,"Documentary, History",6.4,PG,44min,Duncan Singh,2019
Forky Asks a Question: What Is a Computer?,Comedy,N/A,N/A,3min,Bob Peterson,2019
Hubble's Cosmic Journey,Documentary,8.1,N/A,44min,Christopher Riley,2015
I Hate Christian Laettner,Documentary,N/A,N/A,1h 30min,Rory Karpf,2015
Drain the Bermuda Triangle,Documentary,6.4,N/A,50min,Jobim Sampson,2014
Bugged,Animation,N/A,N/A,2min,Jeremy Lasky,2013
Smoky Mountain Park Rangers,Documentary,6.3,PG,42min,Justin Weinrich,2021
Lost Tombs of the Pyramids,Documentary,6.1,PG,44min,N/A,2020
Lost Temple of The Inca,"Mystery & Thriller, Documentary",6.7,PG,42min,Jim Aikman,2020
This Magic Moment,Documentary,N/A,N/A,1h 41min,Erin Leyden,2016
Notre Dame: Race Against the Inferno,"Documentary, Drama",7.0,N/A,44min,Fabrice Gardel,2019
Disney's Summer Magic Quest,,5.5,G,42min,Art Spigel,2022
The Undefeated Presents: Hamilton In-Depth,,N/A,N/A,33min,N/A,2020
Al Davis vs. The NFL,Documentary,N/A,N/A,1h 30min,Ken Rodgers,2021
Drain the Titanic,Documentary,6.4,N/A,46min,Jobim Sampson,2016
Being the Queen,Documentary,6.5,PG-13,45min,Tom Jennings,2020
LEGO Star Wars: The New Yoda Chronicles - Escape from the Jedi Temple,"Science-Fiction, Animation, Kids & Family",N/A,G,22min,Michael Hegner,2014
Once Upon a Main Street,"Drama, Comedy, Romance",6.3,N/A,1h 28min,Polly Draper,2020
Shark vs. Whale,Documentary,5.5,N/A,45min,N/A,2020
Born Wild: The Next Generation,Documentary,7.9,G,1h 0min,N/A,2020
Arendelle Castle Yule Log,"Drama, Animation",7.3,G,3h 0min,N/A,2019
The Incredible Dr. Pol: A 200th Polapalooza,,N/A,PG,1h 28min,Patrick Garney,2022
Growing Fangs,Drama,N/A,N/A,19min,Ann Marie Pace,2021
The Dominican Dream,"Documentary, Sport",7.7,N/A,1h 17min,Jonathan Hock,2019
American Eid,Drama,N/A,G,21min,Aqsa Altaf,2021
Sea of Hope: America's Underwater Treasures,Documentary,7.7,N/A,1h 0min,Robert Nixon,2017
The Making of Loki,Documentary,8.5,N/A,1h 4min,N/A,2021
Trojan War,Documentary,N/A,N/A,1h 18min,Aaron Rahsaan Thomas,2015
Growing Up Wild,Documentary,7.1,G,1h 17min,Keith Scholey,2016
PRIDE: To Be Seen - A Soul of a Nation Presentation,Documentary,6.2,N/A,41min,Tine,2022
Built for Mars: The Perseverance Rover,Documentary,6.9,PG-13,1h 28min,Mark Davis,2021
Flooded Tombs of the Nile,"Documentary, History",6.3,PG,44min,Katie Bauer Murdock,2021
Game of Sharks,Documentary,5.5,PG,44min,Anna Derryberry,2022
The Curious Case of Dolphin Bay,"Kids & Family, Drama",N/A,G,1h 23min,Christine Luby,2022
"The Good, The Bad, The Hungry","Documentary, Sport",6.8,N/A,1h 17min,Nicole Lucas Haimes,2019
The Lost City Of Machu Picchu,"Documentary, History",6.9,PG-13,44min,N/A,2019
Soul of a Nation Presents: Screen Queens Rising,Documentary,N/A,N/A,40min,N/A,2022
World's Biggest Bull Shark?,Documentary,6.1,PG-13,44min,David S. Falcone,2021
Expedition Mars,Documentary,7.4,N/A,1h 28min,Mark Davis,2016
Women of Impact: Changing the World,Documentary,N/A,N/A,44min,Lisa Feit,2020
LEGO Star Wars: The New Yoda Chronicles - Raid on Coruscant,Science-Fiction,N/A,N/A,22min,N/A,2014
Deion's Double Play,Documentary,N/A,N/A,1h 0min,Ken Rodgers,2019
Drain The Sunken Pirate City,"Documentary, History",6.3,N/A,47min,Sophie Elwin-Harris,2017
The Wonderful Autumn of Mickey Mouse,Animation,N/A,G,25min,Karl Hadrika,2022
Hawaiian: The Legend of Eddie Aikau,Documentary,N/A,N/A,1h 19min,Sam George,2013
Killer Shark vs. Killer Whale,Documentary,6.5,PG-13,44min,N/A,2021
Giants of the Deep Blue,Documentary,N/A,PG,44min,Ken Corben,2017
ASSEMBLED: The Making of What If...?,Documentary,N/A,N/A,40min,Brad Baruh,2021
World's Biggest Hammerhead?,,5.2,PG,44min,N/A,2022
LEGO Star Wars: The New Yoda Chronicles - Race For The Holocrons,Comedy,N/A,N/A,21min,N/A,2014
Drain Alcatraz,Documentary,6.0,N/A,45min,Wayne Abbott,2017
The Way of the Cheetah,Documentary,N/A,N/A,44min,Beverly Joubert,2022
Year of the Scab,Documentary,7.2,N/A,1h 18min,John Dorsey,2017
Sharks of Lost Island,Documentary,5.6,PG,45min,Neil Gelinas,2019
Shark Gangs,Documentary,6.7,PG-13,44min,Jacob Cobi Benattia,2021
Rogue Shark,Documentary,6.8,PG-13,44min,Mark Woodward,2021
Of Miracles and Men,Documentary,N/A,G,1h 43min,Jonathan Hock,2015
Disney Holiday Magic Quest,,6.7,G,45min,N/A,2020
Myth: A Frozen Tale,"Animation, Fantasy",N/A,G,8min,Jeff Gipson,2019
World's Biggest Tiger Shark,Documentary,N/A,PG-13,44min,Mike Reid,2020
Assembled: The Making of The Falcon and the Winter Soldier,Documentary,N/A,PG-13,1h 2min,Brad Baruh,2021
Shortsmas with Big City Greens,"Animation, Comedy",7.0,N/A,23min,Sabrina Alberghetti,2022
The Disney Holiday Singalong,"Music & Musical, Comedy, Kids & Family",5.9,N/A,45min,Hamish Hamilton,2020
Shark Queens,Documentary,6.7,PG,45min,Tamira Connolly,2022
Slaying the Badger,Documentary,N/A,N/A,1h 17min,John Dower,2014
Maui Shark Mystery,,N/A,PG,44min,John Cullum,2022
Camo Sharks,Documentary,6.7,PG,45min,Sarah V. Burns,2022
Wild Portugal,Documentary,7.1,PG-13,44min,Christian Baumeister,2020
The Croc That Ate Jaws,Documentary,N/A,PG-13,44min,Mark Woodward,2021
The Queen Family Singalong,Music & Musical,6.1,N/A,41min,Hamish Hamilton,2021
ASSEMBLED: The Making of Black Widow,Documentary,N/A,N/A,56min,Brad Baruh,2021
Brothers in Exile,Documentary,N/A,N/A,1h 18min,Mario Diaz,2014
Virus Hunters,Documentary,6.6,PG,44min,Drew Pulley,2020
50 Shades of Sharks,Documentary,N/A,PG-13,44min,Alexis Barbier-Bouvet,2020
Oil Spill of The Century,Documentary,N/A,PG-13,44min,Josselin Mahot,2018
Worst Weather Ever?,Documentary,5.8,N/A,1h 28min,George Harris,2013
Catholics vs. Convicts,Documentary,N/A,N/A,1h 42min,Patrick Creadon,2016
The Real MVP: The Wanda Durant Story,"Drama, Sport",6.7,PG,1h 25min,Nelson George,2016
"Cinderella: The Reunion, A Special Edition of 20/20",Documentary,7.1,N/A,42min,N/A,2022
Orca Vs. Great White,Documentary,5.5,PG-13,44min,Sigmund Spath Jr.,2021
Expedition China,Documentary,6.6,G,1h 18min,Ben Wallis,2017
The Giant Robber Crab,,N/A,N/A,44min,Braydon Moloney,2019
Phi Slama Jama,Documentary,N/A,N/A,1h 30min,Chip Rives,2016
Epic Holiday Showdown,,4.8,N/A,49min,N/A,2020
The Scariest Story Ever: A Mickey Mouse Halloween Spooktacular,"Comedy, Horror",N/A,PG,22min,Dave Wasson,2017
Elway To Marino,Documentary,N/A,N/A,1h 19min,Ken Rodgers,2013
Dinner Is Served,Drama,N/A,N/A,21min,Hao Zheng,2021
Shark Side of the Moon,,N/A,PG,43min,Sarah V. Burns,2022
Baby Sharks,Documentary,6.3,PG,45min,Adam Geiger,2022
Doc & Darryl,Documentary,N/A,N/A,1h 18min,Michael Bonfiglio,2016
Sharks of the Bermuda Triangle,Documentary,5.6,N/A,43min,N/A,2020
Hippo vs Croc,Documentary,4.9,N/A,50min,Graeme Duane,2014
India's Wild Leopards,Documentary,N/A,N/A,44min,N/A,2020
Texas Storm Squad,Documentary,N/A,PG-13,44min,Natalie Hewit,2020
Jade Eyed Leopard,Documentary,N/A,PG,45min,N/A,2020
Incredible! The Story of Dr. Pol,Documentary,N/A,PG,44min,N/A,2015
Buried Truth of the Maya,"Mystery & Thriller, Documentary",5.5,PG,47min,Bengt Anderson,2020
Shortsgiving with Big City Greens,"Animation, Comedy",N/A,N/A,23min,N/A,2020
From Our Family to Yours,"Animation, Drama",N/A,N/A,3min,Angela Affinita,2020
Counting Jaws,,N/A,PG,44min,Christian Meola,2022
Heroes of the Sky: The Mighty Eighth Air Force,"Documentary, History",N/A,N/A,1h 28min,David Jakubovic,2020
Betty White Goes Wild,Documentary,7.2,PG,44min,James Reed,2013
Patagonia Wings,Documentary,N/A,N/A,45min,N/A,2020
Life and Death in Paradise: Crocs of the Caribbean,"Documentary, Kids & Family",N/A,N/A,44min,Marion Pöllmann,2020
Mack Wrestles,Documentary,N/A,N/A,26min,Erin Sanger,2019
The Simpsons x Bad Bunny: Te Deseo Lo Mejor,"Romance, Animation, Comedy, Music & Musical",N/A,N/A,3min,N/A,2021
What the Shark?,Documentary,N/A,PG-13,44min,N/A,2020
Buried Secrets of Cordoba,"History, Documentary",N/A,N/A,44min,N/A,2019
Genoa Bridge Disaster,Documentary,6.4,N/A,59min,Martin Gorst,2019
United Sharks of America,Documentary,N/A,N/A,41min,N/A,2015
How Dogs Got Their Shapes,Documentary,6.7,N/A,44min,N/A,2016
Tree Climbing Lions,,N/A,PG,44min,Katie Bauer Murdock,2018
Gorongosa: Paradise Reborn,Documentary,7.4,N/A,45min,Lisa Feit,2022
Sky Sharks,Documentary,5.2,PG,44min,Jennie Hammond,2022
Forky Asks A Question: What Is A Friend?,Animation,N/A,N/A,3min,Bob Peterson,2019
Viking Warrior Women,Documentary,5.6,PG,45min,Stuart Strickson,2019
Big Sharks Rule,Documentary,N/A,PG,44min,N/A,2018
Breaking2,"Documentary, Reality TV",7.3,PG,55min,Martin Desmond Roe,2017
Duck the Halls: A Mickey Mouse Christmas Special,"Animation, Comedy",7.2,G,22min,Alonso Ramirez Ramos,2016
Big Cat Games,,N/A,N/A,44min,Jeremy Turner,2015
Secrets of the Bull Shark,Documentary,6.1,N/A,44min,N/A,2020
ZOMBI-Thon with Big City Greens,"Comedy, Animation",N/A,N/A,22min,Sabrina Alberghetti,2022
Man Among Cheetahs,Documentary,6.8,PG,44min,Richard Slater-Jones,2017
"Extra Episode, or Not: Behind the Scenes of All the Same","Documentary, Comedy",N/A,N/A,29min,Suzy Milstein,2022
King Tut In Colour,Documentary,N/A,N/A,44min,Paul Bradshaw,2021
Lost Cities: The Great Flood,Documentary,N/A,PG,45min,Jim Greayer,2021
Shark Attack Investigation: The Paige Winter Story,Documentary,N/A,PG-13,44min,N/A,2020
The Kangaroo King,Documentary,7.3,N/A,50min,Bettina Dalton,2015
Chasing the Equinox,Documentary,6.5,N/A,45min,Kenny Scott,2020
Planet of the Birds,Documentary,N/A,N/A,44min,N/A,2018
Doc McStuffins: The Doc Is In,"Animation, Kids & Family, Fantasy",N/A,N/A,24min,Alicia Minter,2020
Secrets Of Christ's Tomb,"Documentary, History",6.2,N/A,46min,N/A,2017
Bob Ballard: An Explorer's Life,Documentary,6.8,PG,44min,N/A,2021
Generation YouTube,Documentary,N/A,N/A,44min,N/A,2015
Sharks vs. Dolphins: Blood Battle,Documentary,5.1,N/A,43min,Paul Atkins,2020
Sharkcano,Documentary,N/A,N/A,45min,Andy Seestedt,2020
Spring Shorts-Tacular with the Ghost and Molly McGee,"Animation, Comedy, Fantasy",N/A,N/A,24min,Sabrina Alberghetti,2022
Most Wanted Sharks,Documentary,N/A,N/A,44min,N/A,2020
Disney My Music Story: Perfume,"Documentary, Music & Musical",6.6,N/A,1h 11min,N/A,2020
Disney Illuminations Firework Show Disneyland Paris,Music & Musical,N/A,N/A,19min,N/A,2017
Weekend Family Christmas Special,Comedy,N/A,N/A,46min,N/A,2022
World's Biggest Great White Shark,"Reality TV, Documentary",6.4,PG-13,44min,N/A,2019
Shark vs Tuna,Documentary,6.4,PG-13,44min,N/A,2018
Little Giant,Documentary,N/A,PG,44min,N/A,2016
Wild Uganda,Documentary,N/A,PG,45min,Harald Pokieser,2018
Petra: Secrets of the Ancient Builders,Documentary,N/A,G,44min,N/A,2019
It Was Always Me: Behind the Story,Documentary,7.9,N/A,31min,Marco Colantoni,2022
Sharks That Eat Everything,Documentary,N/A,PG-13,44min,N/A,2022
The Hidden Kingdoms of China,Documentary,6.9,PG,1h 28min,Ben Wallis,2020
Far From Raven's Home,"Animation, Comedy",4.8,G,11min,N/A,2021
Kingdom of the Apes: Battle Lines,Documentary,N/A,PG,44min,N/A,2014
Great Shark Chow Down,Documentary,5.7,PG,44min,Mark Woodward,2019
Ghost of the Mountains,Documentary,7.0,G,1h 18min,Ben Wallis,2017
Riina: le verità nascoste,Documentary,N/A,N/A,45min,Jovica Nonkovic,2018
Dickie V,Documentary,8.9,N/A,1h 20min,Nick Nanton,2022
Black Pharaohs: Empire of Gold,"Documentary, History",N/A,PG,1h 0min,James Barrat,2018
Buried Secrets of Keros,Documentary,6.2,N/A,44min,Nikos Dayandas,2020
Shark vs. Surfer,Documentary,6.1,N/A,44min,Phil Stebbing,2020
Sauver Notre-Dame,"History, Documentary",6.7,N/A,44min,Charlène Gravel,2020
LEGO Start Wars: The New Yoda Chronicles: Duel of the Skywalkers,Fantasy,N/A,N/A,22min,Michael Hegner,2014
Dancing With The Stars: The Pros' Most Memorable Moments,Documentary,N/A,N/A,55min,N/A,2022
Disney Channel Holiday House Party,Comedy,4.6,G,25min,N/A,2020
Cannibal Sharks,Documentary,6.2,PG-13,44min,Mark Woodward,2019
Heroes of The Mediterranean,Documentary,N/A,N/A,44min,Manu San Félix,2019
Disney’s Fairy Tale Weddings: Holiday Magic,"Drama, Documentary",N/A,PG,58min,Simon Lythgoe,2017
The Incredible Dr. Pol Blue Ribbon Kids,Documentary,N/A,PG,44min,N/A,2016
The Incredible Dr. Pol: Jingle Pols,Documentary,N/A,PG,45min,N/A,2013
Puppy for Hanukkah,,N/A,N/A,3min,Alexander Gradet,2020
Man vs. Shark,Documentary,6.2,PG,44min,N/A,2019
Jaguar Beach Battle,Documentary,N/A,N/A,44min,N/A,2018
Okavango: River of Dreams,,N/A,N/A,1h 34min,Dereck Joubert,2019
World's Greatest Dogs,,N/A,N/A,43min,N/A,2015
Heroes of the Long Road Home with Martha Raddatz,,N/A,N/A,46min,Pierre sérisier,2017
Shanghai Disney Resort Grand Opening Gala,Music & Musical,N/A,G,25min,N/A,2016
Egypt's Treasure Guardians,"Documentary, History",6.2,N/A,44min,N/A,2016
My Music Story: Yoshiki,"Music & Musical, Documentary",7.3,N/A,47min,N/A,2020
Moana Sing-Along,,N/A,N/A,1h 47min,N/A,2017
The Last Ice,Documentary,7.4,N/A,1h 23min,N/A,2020
